business_type,post_url
Academia de artes marciais,https://www.instagram.com/p/C7dJP_ZNMtn/
Academia,https://www.instagram.com/p/C7dJNe4NrMe/
Açaiteria,https://www.instagram.com/p/C7dJLYhtlWH/
Acessórios automotivo,https://www.instagram.com/p/C7dJJPQN7LI/
Açougueiro,https://www.instagram.com/p/C7dJHGutFIt/
Adega,https://www.instagram.com/p/C7dJE9KNknH/
Adestrador(a),https://www.instagram.com/p/C7dJC5UNiJ_/
Administração de condomínio,https://www.instagram.com/p/C7dJA7tNXOW/
Advogado(a) ambientalista,https://www.instagram.com/p/C7dI-6qNBfm/
Advogado(a) civil,https://www.instagram.com/p/C7dI85Rt54H/
Advogado(a) criminalista,https://www.instagram.com/p/C7dI67xNBvm/
Advogado(a) especialista de trânsito,https://www.instagram.com/p/C7dI42ONXuE/
Advogado(a) imobiliário,https://www.instagram.com/p/C7dI22-Nqlw/
Advogado(a) trabalhista,https://www.instagram.com/p/C7dI03Wt6eY/
Agência de marketing,https://www.instagram.com/p/C7dIy7rtzp2/
Agência de turismo,https://www.instagram.com/p/C7dIw60NvkH/
Agrônomo,https://www.instagram.com/p/C7dIu7ZtfdU/
Agropecuária,https://www.instagram.com/p/C7dIs3JtuS-/
Aluguel de brinquedos,https://www.instagram.com/p/C7dIq8At2lf/
Aluguel de vestido,https://www.instagram.com/p/C7dIo7ntTXj/
Ar condicionado automotivo,https://www.instagram.com/p/C7dIm61NdUo/
Aromaterapia,https://www.instagram.com/p/C7dIksrN0Gv/
Arquiteto(a) paisagista,https://www.instagram.com/p/C7dIirgtrgQ/
Arquiteto(a),https://www.instagram.com/p/C7dIgOKtTSL/
Artesã(o) especialista em bebê reborn,https://www.instagram.com/p/C7dId5kN3fN/
Artesã(o),https://www.instagram.com/p/C7dIbwPt7DX/
Assistência técnica de celular,https://www.instagram.com/p/C7dIZbDtU5c/
Assistência técnica de eletrodomésticos,https://www.instagram.com/p/C7aiWtlt4t5/
Assistente social,https://www.instagram.com/p/C7aiVpIN9JL/
Auto elétrica,https://www.instagram.com/p/C7aiUUCtO1u/
Auto escola,https://www.instagram.com/p/C7aiNfbtY-G/
Auto peças,https://www.instagram.com/p/C7aiMZFNY1g/
Azulejista,https://www.instagram.com/p/C7aiKBptzzU/
Bancário,https://www.instagram.com/p/C7aiGxctLr-/
Banho e tosa,https://www.instagram.com/p/C7aiFwiNSMq/
Bar e petiscaria,https://www.instagram.com/p/C7aiExtN9O8/
Barbearia,https://www.instagram.com/p/C7aiDzxtlYL/
Barbeiro especialista em corte infantil,https://www.instagram.com/p/C7aiBo1NcSU/
Barbeiro,https://www.instagram.com/p/C7aiAppNgGd/
Bartender,https://www.instagram.com/p/C7ah-n_NGq1/
Bicicletaria,https://www.instagram.com/p/C7ah9kGtzn7/
Body piercing,https://www.instagram.com/p/C7ah8hotdU7/
Bombas injetoras,https://www.instagram.com/p/C7ah7Jjtckq/
Bombeiro,https://www.instagram.com/p/C7ah5-Xtisy/
Bordados personalizados,https://www.instagram.com/p/C7ah5ALtVpn/
Borracharia,https://www.instagram.com/p/C7ah4LvNLmO/
Box de cross training,https://www.instagram.com/p/C7ah3KSt78m/
Brechó infantil,https://www.instagram.com/p/C7ah2ExNIGD/
Brechó,https://www.instagram.com/p/C7ahxgnNDmJ/
Brindes personalizados,https://www.instagram.com/p/C7ahwGHtmBM/
Bronzeamento artificial,https://www.instagram.com/p/C7ahvMVtpwC/
Buffet para eventos,https://www.instagram.com/p/C7ahuLKtIfk/
Cabeleireira(o) especialista em mechas,https://www.instagram.com/p/C7ahtGat7Iz/
Cabeleireira(o) especialista em alisamento,https://www.instagram.com/p/C7ahsHPt76e/
Cabeleireira(o) especialista em cortes,https://www.instagram.com/p/C7ahrG7ted4/
Cabeleireira(o) especialista em mega hair,https://www.instagram.com/p/C7ahqFktFfB/
Cabeleireira(o) especialista em morena iluminado,https://www.instagram.com/p/C7ahpB-NQ-t/
Cabeleireira(o) especialista em penteados,https://www.instagram.com/p/C7ahoA7NocA/
Cabeleireira(o) especialista em prótese capilar,https://www.instagram.com/p/C7ahm0fNn8N/
Cabeleireira(o) especialista em tranças,https://www.instagram.com/p/C7ahljtNBv1/
Cabeleireira(o),https://www.instagram.com/p/C7ahkWFNL7E/
Cabeleireira(o) especialista em cachos,https://www.instagram.com/p/C7ahjWpNzMn/
Calhas e rufos,https://www.instagram.com/p/C7ahiYmtiMo/
Campo society,https://www.instagram.com/p/C7ahhY-t_yU/
Cantor(a),https://www.instagram.com/p/C7ahglDtMRD/
Casa de carnes,https://www.instagram.com/p/C7ahfYkNXYV/
Centro de treinamento,https://www.instagram.com/p/C7aheVDNq4_/
Cerimonialista,https://www.instagram.com/p/C7ahdSzNl8I/
Certificado digital,https://www.instagram.com/p/C7ahcLmNWGQ/
Cestas personalizadas,https://www.instagram.com/p/C7ahbO_tlU9/
Chaveiro,https://www.instagram.com/p/C7ahaQJNPwW/
Chopperia,https://www.instagram.com/p/C7ahZSFNGC7/
Churrascaria,https://www.instagram.com/p/C7ahYYNNXb4/
Churrasqueiro,https://www.instagram.com/p/C7ahXfbNxna/
Climatização,https://www.instagram.com/p/C7ahWmctolS/
Clínica de emagrecimento,https://www.instagram.com/p/C7ahVnRN5vM/
Clínica de fisioterapia,https://www.instagram.com/p/C7ahUfINCbY/
Clínica odontológica,https://www.instagram.com/p/C7ahTeNNXU5/
Clínica veterinária,https://www.instagram.com/p/C7ahShPt4SQ/
Companhia de gás,https://www.instagram.com/p/C7ahReDtxZ4/
Comunicação visual,https://www.instagram.com/p/C7ahQapNzlQ/
Confeitaria,https://www.instagram.com/p/C7ahPVQt2Lo/
Confeiteira,https://www.instagram.com/p/C7ahO4yN-Q1/
Consignado,https://www.instagram.com/p/C7ahNLzNeIv/
Consórcio,https://www.instagram.com/p/C7ahMGgthQJ/
Constelador(a) familiar,https://www.instagram.com/p/C7ahLJht4ZQ/
Construtora,https://www.instagram.com/p/C7ahJ0ctXUx/
Consultor(a) de imagem,https://www.instagram.com/p/C7ahI1hNYCW/
Consultoria de seguro,https://www.instagram.com/p/C7ahH3xNB3E/
Contabilidade,https://www.instagram.com/p/C7ahG1QNmBf/
Contador(a),https://www.instagram.com/p/C7ahFzMt_wk/
Corretor(a) de imóveis,https://www.instagram.com/p/C7ahE29tLSz/
Corretora de seguro,https://www.instagram.com/p/C7ahD4tNouY/
Costureira,https://www.instagram.com/p/C7ahC3ZtxMQ/
Crocheteira especialista em amigurumi,https://www.instagram.com/p/C7ahBwHNhgu/
Crocheteira(o),https://www.instagram.com/p/C7Zw7qcpkoY/
Cursinho pré vestibular,https://www.instagram.com/p/C7Zw6jEpexU/
Decoração pegue e monte,https://www.instagram.com/p/C7Zw5hRJl8E/
Decoradora de festas,https://www.instagram.com/p/C7Zw4bZJnN0/
Dedetizadora,https://www.instagram.com/p/C7Zw3YQJE3t/
Depilação à laser,https://www.instagram.com/p/C7Zw2Q-pWwC/
Desentupidora,https://www.instagram.com/p/C7Zw1K4pbAH/
Designer de sobrancelha especialista em brow lamination,https://www.instagram.com/p/C7Zw0AHpKbq/
Designer de interiores,https://www.instagram.com/p/C7ZwtnXJR7i/
Designer de sobrancelha,https://www.instagram.com/p/C7ZwshdJ4L4/
Designer gráfico,https://www.instagram.com/p/C7ZwrfcJ-h9/
Dentista,https://www.instagram.com/p/C7ZwqZFJawU/
Despachante,https://www.instagram.com/p/C7ZwpNep4Ge/
Disk entulho,https://www.instagram.com/p/C7ZwnlWpJQv/
Distribuidora de bebidas,https://www.instagram.com/p/C7ZwmL_JZ1i/
Dj,https://www.instagram.com/p/C7ZwlDYp_vS/
Doces personalizados,https://www.instagram.com/p/C7ZwkBnJMqa/
Doces veganos,https://www.instagram.com/p/C7ZwjAnJVBj/
Docinhos de festa,https://www.instagram.com/p/C7Zwh38pyuL/
Doula,https://www.instagram.com/p/C7ZwgsdpCWy/
Eletricista,https://www.instagram.com/p/C7ZwfmBJ1Vl/
Empreendedor,https://www.instagram.com/p/C7ZweiRpA2v/
Empresa de energia solar,https://www.instagram.com/p/C7ZwdX2pSiH/
Enfermeira(o),https://www.instagram.com/p/C7UwhE5vryl/
Engenheira(o) eletricista,https://www.instagram.com/p/C7UwgEmv3GY/
Engenheira(o) civil,https://www.instagram.com/p/C7UwfD4vDpQ/
Entregador,https://www.instagram.com/p/C7UweDjvVOU/
Entretenimento infantil,https://www.instagram.com/p/C7UwcjMvswY/
Envelopamento,https://www.instagram.com/p/C7Uwbifvs2N/
Enxoval para bebê,https://www.instagram.com/p/C7UwahdPizN/
Escola de ballet,https://www.instagram.com/p/C7UwZdnPvxH/
Escola de dança,https://www.instagram.com/p/C7UwYdlPWdQ/
Escola de idiomas,https://www.instagram.com/p/C7UwW_Svpi7/
Escola de natação,https://www.instagram.com/p/C7UwV-wveQH/
Escola particular,https://www.instagram.com/p/C7UwU8hPitO/
Escolinha de futebol,https://www.instagram.com/p/C7UwT3NPJym/
Escolinha de futsal,https://www.instagram.com/p/C7UwSvnPxKs/
Espaço para evento infantil,https://www.instagram.com/p/C7UwPsEvPWU/
Espaço para evento,https://www.instagram.com/p/C7UwOaBv8gc/
Especialista em cortes e gravações à laser,https://www.instagram.com/p/C7UwNXVvM5y/
Especialista em diástase,https://www.instagram.com/p/C7UwMTEP8ph/
Espetinho,https://www.instagram.com/p/C7UwLOxv7df/
Essências aromáticas,https://www.instagram.com/p/C7UwKPMPnib/
Estamparia,https://www.instagram.com/p/C7UwIy_PG3L/
Esteticista,https://www.instagram.com/p/C7UwHz2vIiS/
Estética automotiva,https://www.instagram.com/p/C7UwG3mP6Ry/
Esteticista especialista em estética avançada,https://www.instagram.com/p/C7UwF3fPi21/
Estofaria automotiva,https://www.instagram.com/p/C7UwE3JP9kD/
Estofaria,https://www.instagram.com/p/C7UwD5APaPx/
Estudos ambientais,https://www.instagram.com/p/C7UwC29P5dh/
Farmacêutico(a),https://www.instagram.com/p/C7UwBt2PhQT/
Farmácia de manipulação veterinária,https://www.instagram.com/p/C7UwAonP96Z/
Farmácia de manipulação,https://www.instagram.com/p/C7Uv_m0PLtC/
Farmácia,https://www.instagram.com/p/C7Uv-mXPDfW/
Fisioterapeuta,https://www.instagram.com/p/C7UvirJvVmg/
Floricultura,https://www.instagram.com/p/C7UvfqCP5FN/
Fonoaudiólogo(a),https://www.instagram.com/p/C7UvcpivyM7/
Food truck,https://www.instagram.com/p/C7UvZomvsar/
Fotógrafo(a) especialista em ensaio newborn,https://www.instagram.com/p/C7UvWnjPCpW/
Fotógrafo(a),https://www.instagram.com/p/C7UvTmcPqys/
Funilaria e pintura,https://www.instagram.com/p/C7UvQliP4OT/
Gastrólogo(a),https://www.instagram.com/p/C7UvNkVPKgv/
Geladinho gourmet,https://www.instagram.com/p/C7UvKnQPpI9/
Gesseiro,https://www.instagram.com/p/C7UvHiTvNnV/
Gestão de marcas e patentes,https://www.instagram.com/p/C7UvEhVPkN7/
Gráfica,https://www.instagram.com/p/C7UvBhpP1Fr/
Guincho,https://www.instagram.com/p/C7Uu-fQP3W_/
Hamburgueria,https://www.instagram.com/p/C7Uu7egPOSw/
Hortifruti,https://www.instagram.com/p/C7Uu4dhvXnL/
Hotel,https://www.instagram.com/p/C7Uu1cdvK7W/
Humorista,https://www.instagram.com/p/C7UuybEPG7z/
Iluminação e sonorização,https://www.instagram.com/p/C7UuvaHvnoX/
Imobiliária,https://www.instagram.com/p/C7UusZWP-tJ/
Influencer mirim,https://www.instagram.com/p/C7UupYOvRgv/
Influencer,https://www.instagram.com/p/C7UuVjDvspH/
Instrutor(a) de equitação,https://www.instagram.com/p/C7UuShgvcXj/
Instrutor(a) de pilates,https://www.instagram.com/p/C7UuPgJvFQx/
Instrutor(a) de tiro,https://www.instagram.com/p/C7UuMfQPBqv/
Insulfilm,https://www.instagram.com/p/C7UuJeYPEkw/
Intérprete de libras,https://www.instagram.com/p/C7UuGc7Ph7A/
Joalheria,https://www.instagram.com/p/C7UuDcdPXHP/
Jogador de futebol,https://www.instagram.com/p/C7UuAbIvJF2/
Jogador de futsal,https://www.instagram.com/p/C7Ut9ZzvAAp/
Jogadora de futebol,https://www.instagram.com/p/C7Ut6ZAvMKX/
Laceira,https://www.instagram.com/p/C7Ut3YAP0Bz/
Lanchonete,https://www.instagram.com/p/C7Ut0W-PLwA/
Lash designer,https://www.instagram.com/p/C7UtxVqv4aa/
Lava car,https://www.instagram.com/p/C7UtuVLPLln/
Lavagem de estofados,https://www.instagram.com/p/C7UtrTgvfqo/
Lavanderia,https://www.instagram.com/p/C7UtoSqvvkY/
Locutor(a),https://www.instagram.com/p/C7UtlRnvVS5/
Loja de acessórios femininos,https://www.instagram.com/p/C7UtiRYvW6H/
Loja de acessórios para celular,https://www.instagram.com/p/C7UtfQHPQjp/
Loja de artigos para festa,https://www.instagram.com/p/C7UtcOlPikT/
Loja de artigos religiosos,https://www.instagram.com/p/C7UtZOQvJlq/
Loja de aviamentos,https://www.instagram.com/p/C7UtWMlv1uz/
Loja de biquini,https://www.instagram.com/p/C7UtTLOv80i/
Loja de brinquedos,https://www.instagram.com/p/C7UtQKGvOHU/
Loja de calçados,https://www.instagram.com/p/C7UtNJkvuhy/
"Loja de cama, mesa e banho",https://www.instagram.com/p/C7UtKHvP6r1/
Loja de colchões,https://www.instagram.com/p/C7UtHGxPp_Y/
Loja de cortinas e persianas,https://www.instagram.com/p/C7UtEGKvbjt/
Loja de cosméticos,https://www.instagram.com/p/C7UtBEmPy6u/
Loja de decoração,https://www.instagram.com/p/C7Us-Dsv1l-/
Loja de embalagens,https://www.instagram.com/p/C7Us7B4vRsq/
Loja de equipamentos gastronômicos,https://www.instagram.com/p/C7Us4BCPylO/
Loja de esportes,https://www.instagram.com/p/C7Us1ASvGhX/
Loja de fantasias,https://www.instagram.com/p/C7Usx_eP3VX/
Loja de ferragens,https://www.instagram.com/p/C7Usu-UvI6Z/
Loja de iluminação,https://www.instagram.com/p/C7Usr89v2Pg/
Loja de importados,https://www.instagram.com/p/C7Uso8DPBJW/
Loja de informática,https://www.instagram.com/p/C7Usk4RvP-P/
Loja de instrumentos musicais,https://www.instagram.com/p/C7UsRlyvUW7/
Loja de lingerie,https://www.instagram.com/p/C7Nm4JiNvkk/
Loja de maquiagem,https://www.instagram.com/p/C7Nm2jpNYJE/
Loja de materiais elétricos,https://www.instagram.com/p/C7Nm0eVtU8O/
Loja de materiais hidráulicos,https://www.instagram.com/p/C7NmzcwtRC-/
Loja de materiais para construção,https://www.instagram.com/p/C7NmyjdtZg4/
Loja de móveis rústicos,https://www.instagram.com/p/C7NmwSKtX6I/
Loja de móveis usados,https://www.instagram.com/p/C7Nmu1ctuOW/
Loja de móveis,https://www.instagram.com/p/C7Nmt0pNEDS/
Loja de parafuso,https://www.instagram.com/p/C7NmsfMNuj-/
Loja de piscinas,https://www.instagram.com/p/C7NmremNnAO/
Loja de pisos laminados,https://www.instagram.com/p/C7Nmqf3NzDe/
Loja de pneus,https://www.instagram.com/p/C7NmpbdN0eY/
Loja de produtos automotivos,https://www.instagram.com/p/C7Nmocttuju/
Loja de produtos de limpeza,https://www.instagram.com/p/C7NmnSRtPIN/
Loja de produtos naturais,https://www.instagram.com/p/C7NmmCVtuT1/
Loja de produtos ortopédicos,https://www.instagram.com/p/C7NmlA4tSw8/
Loja de revestimento,https://www.instagram.com/p/C7Nmidpt3rX/
Loja de roupa evangelica,https://www.instagram.com/p/C7NmhPZtmoV/
Loja de roupas femininas,https://www.instagram.com/p/C7Nmf1TNaWa/
Loja de roupas fitness,https://www.instagram.com/p/C7NmejjtIjs/
Loja de roupa infantil,https://www.instagram.com/p/C7NmdbQtqy_/
Loja de roupa masculina,https://www.instagram.com/p/C7NmcPNtyxx/
Loja de roupas plus size,https://www.instagram.com/p/C7NmbLNtFiS/
Loja de suplementos,https://www.instagram.com/p/C7NmaKNNIXI/
Loja de tecidos,https://www.instagram.com/p/C7NmZL-Nvzv/
Loja de ternos,https://www.instagram.com/p/C7NmYQPttYH/
Loja de tintas,https://www.instagram.com/p/C7NmW_QtW9H/
Loja de variedades,https://www.instagram.com/p/C7NmV3xtp53/
Loja de vestidos,https://www.instagram.com/p/C7NmVAut5DU/
Loja de vidros automotivos,https://www.instagram.com/p/C7NmT51NkDr/
Loja on-line,https://www.instagram.com/p/C7NmP5kt81m/
Lotérica,https://www.instagram.com/p/C7NmOubNbwU/
Madeireira,https://www.instagram.com/p/C7NmNlvtYl0/
Marmitaria,https://www.instagram.com/p/C7NmMkRNuvt/
Manicure tradicional,https://www.instagram.com/p/C7NmLi9tYg8/
Manutenção de armações oculares,https://www.instagram.com/p/C7NmKbUNVRm/
Manutenção de equipamentos odontológicos,https://www.instagram.com/p/C7NmJUMNOUn/
Manutenção de motores elétricos,https://www.instagram.com/p/C7NmH-yNef5/
Manutenção de radiador,https://www.instagram.com/p/C7NmHA1tLwN/
Manutenção e limpeza de piscinas,https://www.instagram.com/p/C7NmF2sNncM/
Maquiador(a),https://www.instagram.com/p/C7NmCcNtfTx/
Marcenaria,https://www.instagram.com/p/C7NmBP8NbkO/
Marmitaria fitness,https://www.instagram.com/p/C7NmAGDN-XJ/
Marmoraria,https://www.instagram.com/p/C7Nl9-5NHI7/
Martelinho de ouro,https://www.instagram.com/p/C7Nl86StmbG/
Massoterapeuta,https://www.instagram.com/p/C7Nl73Jthwf/
Mecânica de caminhão,https://www.instagram.com/p/C7Nl63Ht3Xy/
Mecânica de carro,https://www.instagram.com/p/C7Nl5r3t0TW/
Mecânica de máquinas agrícolas,https://www.instagram.com/p/C7Nl4f0Nath/
Medicina do trabalho,https://www.instagram.com/p/C7Nl3V2N196/
Mercearia,https://www.instagram.com/p/C7Nl2SQNoBw/
Mesa posta,https://www.instagram.com/p/C7Nl1ENNC5j/
Metalúrgica,https://www.instagram.com/p/C7NlznntLm5/
Micropigmentação labial,https://www.instagram.com/p/C7NlyaXNwqd/
Micropigmentação,https://www.instagram.com/p/C7NlxIpt4xt/
Modelo mirim,https://www.instagram.com/p/C7NlvpUNjFt/
Modelo,https://www.instagram.com/p/C7Nlufvt9Pj/
Montador de móveis,https://www.instagram.com/p/C7Nltd7tWo8/
Moto peças,https://www.instagram.com/p/C7NlsRiNQiN/
"Nail designer, especialista em acrigel",https://www.instagram.com/p/C7NlrKytpIG/
Nail designer especialista em alogamento acrilico,https://www.instagram.com/p/C7NlqH0NxRP/
Nail designer especialis em fibra de vidro,https://www.instagram.com/p/C7NlpJZNZE8/
Neuropsicopedagogo(a),https://www.instagram.com/p/C7NloFEtCGV/
Nutricionista,https://www.instagram.com/p/C7NlnFvtDX4/
Odontopediatra,https://www.instagram.com/p/C7NlmEqtWxn/
Oficina de bicicleta,https://www.instagram.com/p/C7NllBetAKE/
Oficina de moto,https://www.instagram.com/p/C7NlkD6NNhJ/
Oficina mecânica especializada em câmbio automático,https://www.instagram.com/p/C7NljDZNlEH/
Ótica,https://www.instagram.com/p/C7Nlh-ptt4i/
Ozonioterapia,https://www.instagram.com/p/C7Nkpyft0gQ/
Padeiro,https://www.instagram.com/p/C7NkooZtk__/
Panificadora,https://www.instagram.com/p/C7NknbDN_Sz/
Papelaria personalizada,https://www.instagram.com/p/C7NkmCCNTLC/
Papelaria,https://www.instagram.com/p/C7Nkk1ht2rB/
Pastelaria,https://www.instagram.com/p/C7NkjtatM1F/
Pedagogo(a),https://www.instagram.com/p/C7NkituNobm/
Pedicure especialista em spa dos pés,https://www.instagram.com/p/C7NkhlvNso9/
Pedicure,https://www.instagram.com/p/C7NkeNhtpGB/
Peixaria,https://www.instagram.com/p/C7NkdFbNds3/
Personal organizer,https://www.instagram.com/p/C7Nkb-2NwFP/
Personal trainer,https://www.instagram.com/p/C7Nkar1tLil/
Personalizado em resina,https://www.instagram.com/p/C7F4_sZtjV0/
Pesque e pague,https://www.instagram.com/p/C7F44GNNXkx/
Pet shop,https://www.instagram.com/p/C7F42tCtppF/
Pintor,https://www.instagram.com/p/C7F41h-NEoP/
Pizzaiolo,https://www.instagram.com/p/C7F40XDN3IF/
Pizzaria,https://www.instagram.com/p/C7F4zYLtDwh/
Plano de saúde,https://www.instagram.com/p/C7F4w8PNkUi/
Podcast,https://www.instagram.com/p/C7F4vrsNlI3/
Podólogo(a),https://www.instagram.com/p/C7F4ukFNmrH/
Policial,https://www.instagram.com/p/C7F4tgkN5yY/
Porcelanataria,https://www.instagram.com/p/C7F4sQjtKAa/
Posto de combustível,https://www.instagram.com/p/C7F4rMUtYOf/
Pousada,https://www.instagram.com/p/C7F4p8etpQF/
Professor(a) de arte,https://www.instagram.com/p/C7F4o8ytZ6K/
Professor(a) de ballet,https://www.instagram.com/p/C7F4nxUtczc/
Professor(a) de biologia,https://www.instagram.com/p/C7F4l5VNO4v/
Professor(a) de capoeira,https://www.instagram.com/p/C7F4kx0tBNO/
Professor(a) de ciências,https://www.instagram.com/p/C7F4jtPtgfa/
Professor(a) de cross,https://www.instagram.com/p/C7F4htsNTPK/
Professor(a) de dança,https://www.instagram.com/p/C7F4gpUtDGj/
Professor(a) de educação especial,https://www.instagram.com/p/C7F4flQNG6M/
Professor(a) de educação infantil,https://www.instagram.com/p/C7F4emCtLTl/
Professor(a) de espanhol,https://www.instagram.com/p/C7F4c03tzK4/
Professor(a) de filosofia,https://www.instagram.com/p/C7F4bG6NGTD/
Professor(a) de física,https://www.instagram.com/p/C7F4Zt-tOiN/
Professor(a) de geografia,https://www.instagram.com/p/C7F4Yn8NIGx/
Professor(a) de ginástica,https://www.instagram.com/p/C7F4XaHNmOS/
Professor(a) de história,https://www.instagram.com/p/C7F4WAktWk6/
Professor(a) de inglês,https://www.instagram.com/p/C7F4U1rtnFy/
Professor(a) de jiu-jitsu,https://www.instagram.com/p/C7F4TjZtZaU/
Professor(a) de judo,https://www.instagram.com/p/C7F4SgfNMF0/
Professor(a) de kangoo,https://www.instagram.com/p/C7F4RZbNo4n/
Professor(a) de karatê,https://www.instagram.com/p/C7F4QUwtPKA/
Professor(a) de libras,https://www.instagram.com/p/C7F4POsN01Y/
Professor(a) de matemática,https://www.instagram.com/p/C7F4N5iNxfn/
Professor(a) de muay thai,https://www.instagram.com/p/C7F4MxkNDDC/
Professor(a) de música,https://www.instagram.com/p/C7F4LrFNMGM/
Professor(a) de natação,https://www.instagram.com/p/C7F4KbKNhDE/
Professor(a) de português,https://www.instagram.com/p/C7F4Jc2tdzI/
Professor(a) de química,https://www.instagram.com/p/C7F4IfuN_V9/
Professor(a) de taekwondo,https://www.instagram.com/p/C7F4HYetCut/
Professor(a) de teatro,https://www.instagram.com/p/C7F4F02Nxd3/
Professor(a) universitário,https://www.instagram.com/p/C7F4EwCNa3O/
Professor(a) de yoga,https://www.instagram.com/p/C7F4DofNJL8/
Professor(a) de zumba,https://www.instagram.com/p/C7F4CkdNJIY/
Promotor(a) de evento,https://www.instagram.com/p/C7F4BVstc4k/
Protético,https://www.instagram.com/p/C7F4AN8t16Q/
Provedor de internet,https://www.instagram.com/p/C7F3_ATNpGl/
Psicanalista,https://www.instagram.com/p/C7F396INyrG/
Psicólogo(a),https://www.instagram.com/p/C7F382xtnD3/
Psicopedagogo(a),https://www.instagram.com/p/C7F37vbNRAP/
Psicoterapeuta infantil,https://www.instagram.com/p/C7F36u0tXsF/
Psiquiatra,https://www.instagram.com/p/C7F339ltQ9U/
Quiropraxista,https://www.instagram.com/p/C7F32_DNurm/
Rádio,https://www.instagram.com/p/C7F311ZN496/
Recreação infantil,https://www.instagram.com/p/C7F30zNN3Ss/
Recursos de multas,https://www.instagram.com/p/C7F3zwbt17A/
Reforma de rodas,https://www.instagram.com/p/C7F3yw6Nss8/
Restaurante de sushi,https://www.instagram.com/p/C7F3xu5tOgm/
Restaurante,https://www.instagram.com/p/C7F3whLNMJC/
Retifica de motores,https://www.instagram.com/p/C7F3veyNRlr/
Revenda de carros,https://www.instagram.com/p/C7F3ub-Nr1P/
Revenda de moto,https://www.instagram.com/p/C7F3tddN2lC/
Salão de beleza especializado em noivas,https://www.instagram.com/p/C7F1NbMNSPQ/
Salgadinho de festa,https://www.instagram.com/p/C7F1L-Zt473/
Sapateiro,https://www.instagram.com/p/C7F1LAOtsKw/
Segurança de eventos,https://www.instagram.com/p/C7F1IpltfCR/
Seguro veicular,https://www.instagram.com/p/C7F1Hh8ty8D/
Semijoiais,https://www.instagram.com/p/C7F1GZctVWt/
Sex shop,https://www.instagram.com/p/C5oe2nvvTva/
Serigrafia,https://www.instagram.com/p/C5oe1Z7APfH/
Serviços de limpeza,https://www.instagram.com/p/C5oezbhAdkj/
Sindicato,https://www.instagram.com/p/C5oevgagKCM/
Sistemas de automação comercial,https://www.instagram.com/p/C5oethoAFXZ/
Sistema de automação residencial,https://www.instagram.com/p/C5oereKADmZ/
Sistema de monitoramento residencial/comercial,https://www.instagram.com/p/C5oepfKAXji/
Social media,https://www.instagram.com/p/C5oenkZgvuJ/
Som automotivo,https://www.instagram.com/p/C5oell5gkYa/
Sorveteria,https://www.instagram.com/p/C5oejomAoTb/
Stand de tiro,https://www.instagram.com/p/C5oehl-gjhf/
Studio de pilates,https://www.instagram.com/p/C5oefnjAWNI/
Studio de tatuagem,https://www.instagram.com/p/C5oedpbAln-/
Sucata,https://www.instagram.com/p/C5oebsEgUrJ/
Suspensões automotivas,https://www.instagram.com/p/C5oeZqdAer2/
Tabacaria,https://www.instagram.com/p/C5oeXyZgG8w/
Tarólogo(a),https://www.instagram.com/p/C5oeVxZA9xj/
Tatuador(a),https://www.instagram.com/p/C5oeTuwANX8/
Técnico de segurança do trabalho,https://www.instagram.com/p/C5oeR0XgYIo/
Técnico de vôlei,https://www.instagram.com/p/C5oePv8Af5x/
Técnico em computadores,https://www.instagram.com/p/C5oeN2zAs2C/
Técnico em refrigeração,https://www.instagram.com/p/C5oeL4TgV3b/
Técnico de futebol,https://www.instagram.com/p/C5oeJ3nATAS/
Técnico de futsal,https://www.instagram.com/p/C5oeH5qgPDQ/
Técnico em enfermagem,https://www.instagram.com/p/C5oeF73Aazu/
Técnico em ti,https://www.instagram.com/p/C5oeD6lA9tS/
Terapeuta capilar,https://www.instagram.com/p/C5oeB6ngoc-/
Terapeuta holística,https://www.instagram.com/p/C5od_8lgPRx/
Terapeuta ocupacional,https://www.instagram.com/p/C5od99tAgmq/
Terapeuta,https://www.instagram.com/p/C5od7-VAtA4/
Terraplanagem,https://www.instagram.com/p/C5od6F6A82Q/
Time de futebol masculino,https://www.instagram.com/p/C5od4FLgWMb/
Time de futebol feminino,https://www.instagram.com/p/C5od2FXgeBm/
Time de vôlei feminino,https://www.instagram.com/p/C5od0QRAm7W/
Time de vôlei masculino,https://www.instagram.com/p/C5odyS4AfbN/
Toldo,https://www.instagram.com/p/C5odwRwAiSJ/
Topógrafo,https://www.instagram.com/p/C5oduXfgw88/
Tornearia,https://www.instagram.com/p/C5odsHMgqQ8/
Tortaria,https://www.instagram.com/p/C5odqabg8ij/
Transportadora,https://www.instagram.com/p/C5odofHA6R4/
Transporte escolar,https://www.instagram.com/p/C5odmcpAHak/
Uniformes personalizados,https://www.instagram.com/p/C5odkdOAXoP/
Vendedor,https://www.instagram.com/p/C5odii_gYAK/
Vendedora,https://www.instagram.com/p/C5odgSRA38Z/
Vendedora,https://www.instagram.com/p/C5odc7OA4zJ/
Vereador,https://www.instagram.com/p/C5odULqgur5/
Veterinário,https://www.instagram.com/p/C5odTvrgyDz/
Video maker,https://www.instagram.com/p/C5odSzmAsT2/
Vidraçaria,https://www.instagram.com/p/C5odRRCg5NX/
Vistoria veicular,https://www.instagram.com/p/C5odP68A3he/
